#{"t_start": 1583550211.661197, "env_id": "cursorcontrol-v1"}
r,l,t
2.355899,30,4.30365
7.426231,30,4.317852
2.421627,30,4.331859
